"employee_id";"employee_name";"department_id";"position";"mail";"phone"
1;"Emma Johnson";101;"Financial Analyst";"EmmaJohnson@gmail.com";"123456789"
2;"Liam Smith";101;"Accountant";"LiamSmith@gmail.com";"123456790"
3;"Olivia Williams";101;"Financial Advisor";"OliviaWilliams@gmail.com";"123456791"
4;"Noah Brown";101;"controller";"NoahBrown@gmail.com";"123456792"
5;"Ava Jones";101;"Data Analyst";"AvaJones@gmail.com";"123456793"
6;"William Miller";101;"Auditor";"WilliamMiller@gmail.com";"123456794"
7;"Sophia Davis";101;"CFO";"SophiaDavis@gmail.com";"123456795"
8;"James Wilson";101;"Credit Analyst";"JamesWilson@gmail.com";"123456796"
9;"Isabella Taylor";101;"Finance Manager";"IsabellaTaylor@gmail.com";"123456797"
10;"Benjamin Anderson";101;"Corporate accountant";"BenjaminAnderson@gmail.com";"123456798"
11;"Mia Thomas";101;"Investment manager";"MiaThomas@gmail.com";"123456799"
12;"Lucas Moore";101;"Finance Assistant";"LucasMoore@gmail.com";"123456800"
13;"Amelia Martin";101;"Treasurer";"AmeliaMartin@gmail.com";"123456801"
14;"Henry Lee";101;"Financial Analyst";"HenryLee@gmail.com";"123456802"
15;"Evelyn Perez";101;"Accountant";"EvelynPerez@gmail.com";"123456803"
16;"Alexander Thompson";101;"Financial Advisor";"AlexanderThompson@gmail.com";"123456804"
17;"Harper White";101;"controller";"HarperWhite@gmail.com";"123456805"
18;"Michael Harris";101;"Data Analyst";"MichaelHarris@gmail.com";"123456806"
19;"Ella Lewis";101;"Auditor";"EllaLewis@gmail.com";"123456807"
20;"Daniel Walker";101;"CFO";"DanielWalker@gmail.com";"123456808"
21;"Scarlett Robinson";101;"Credit Analyst";"ScarlettRobinson@gmail.com";"123456809"
22;"Matthew Young";101;"Finance Manager";"MatthewYoung@gmail.com";"123456810"
23;"Grace King";101;"Corporate accountant";"GraceKing@gmail.com";"123456811"
24;"Ethan Scott";101;"Investment manager";"EthanScott@gmail.com";"123456812"
25;"Victoria Green";101;"Finance Assistant";"VictoriaGreen@gmail.com";"123456813"
26;"Joseph Adams";102;"HR Manager";"JosephAdams@gmail.com";"123456814"
27;"Lily Baker";102;"Employee Relations Manager";"LilyBaker@gmail.com";"123456815"
28;"Jackson Nelson";102;"HR Coordinator";"JacksonNelson@gmail.com";"123456816"
29;"Zoey Carter";102;"HR Generalist";"ZoeyCarter@gmail.com";"123456817"
30;"Sebastian Mitchell";102;"Benefits Administrator";"SebastianMitchell@gmail.com";"123456818"
31;"Penelope Perez";102;"Recruiter";"PenelopePerez@gmail.com";"123456819"
32;"David Roberts";102;"Training and Development Manager";"DavidRoberts@gmail.com";"123456820"
33;"Riley Turner";102;"HR Business Partner";"RileyTurner@gmail.com";"123456821"
34;"Samuel Phillips";102;"Chief Human Resources Officer";"SamuelPhillips@gmail.com";"123456822"
35;"Nora Campbell";102;"Employment Specialist";"NoraCampbell@gmail.com";"123456823"
36;"Gabriel Parker";102;"HR director";"GabrielParker@gmail.com";"123456824"
37;"Leah Evans";102;"Labor relations";"LeahEvans@gmail.com";"123456825"
38;"Jack Edwards";102;"Recruitment Manager";"JackEdwards@gmail.com";"123456826"
39;"Hannah Collins";102;"HR Manager";"HannahCollins@gmail.com";"123456827"
40;"Anthony Stewart";102;"Employee Relations Manager";"AnthonyStewart@gmail.com";"123456828"
41;"Ellie Morris";102;"HR Coordinator";"EllieMorris@gmail.com";"123456829"
42;"Dylan Rogers";102;"HR Generalist";"DylanRogers@gmail.com";"123456830"
43;"Natalie Reed";102;"Benefits Administrator";"NatalieReed@gmail.com";"123456831"
44;"Isaac Cook";102;"Recruiter";"IsaacCook@gmail.com";"123456832"
45;"Addison Bailey";102;"Training and Development Manager";"AddisonBailey@gmail.com";"123456833"
46;"Luke Howard";102;"HR Business Partner";"LukeHoward@gmail.com";"123456834"
47;"Hazel Bell";102;"Chief Human Resources Officer";"HazelBell@gmail.com";"123456835"
48;"Christopher Ward";102;"Employment Specialist";"ChristopherWard@gmail.com";"123456836"
49;"Lucy Cooper";102;"HR director";"LucyCooper@gmail.com";"123456837"
50;"Owen Brooks";102;"Labor relations";"OwenBrooks@gmail.com";"123456838"
51;"Aria Rivera";103;"Research and Development Associate Manager";"AriaRivera@gmail.com";"123456839"
52;"Jayden Cox";103;"Research and Development Manager";"JaydenCox@gmail.com";"123456840"
53;"Paisley Murphy";103;"Senior Research and Development Manager";"PaisleyMurphy@gmail.com";"123456841"
54;"Wyatt Kim";103;"Director of Research and Development";"WyattKim@gmail.com";"123456842"
55;"Skylar Ramirez";103;"VP of Research and Development";"SkylarRamirez@gmail.com";"123456843"
56;"Andrew Diaz";103;"Chief Technology Officer (CTO)";"AndrewDiaz@gmail.com";"123456844"
57;"Savannah Myers";103;"R&D Coordinator";"SavannahMyers@gmail.com";"123456845"
58;"Caleb Kelly";103;"Associate R&D Engineer";"CalebKelly@gmail.com";"123456846"
59;"Stella Sanders";103;"Junior R&D Scientist";"StellaSanders@gmail.com";"123456847"
60;"Nathan Morgan";103;"R&D Project Assistant";"NathanMorgan@gmail.com";"123456848"
61;"Maya Patterson";103;"R&D Lab Technician";"MayaPatterson@gmail.com";"123456849"
62;"Ryan James";103;"R&D Coordinator";"RyanJames@gmail.com";"123456850"
63;"Brooklyn Long";103;"Associate R&D Engineer";"BrooklynLong@gmail.com";"123456851"
64;"Isaac Hughes";103;"Junior R&D Scientist";"IsaacHughes@gmail.com";"123456852"
65;"Violet Price";103;"R&D Project Assistant";"VioletPrice@gmail.com";"123456853"
66;"Joshua Foster";103;"R&D Lab Technician";"JoshuaFoster@gmail.com";"123456854"
67;"Layla Bennett";103;"Vice President of Research and Development";"LaylaBennett@gmail.com";"123456855"
68;"Charles Russell";103;"VP of Engineering and R&D";"CharlesRussell@gmail.com";"123456856"
69;"Aubrey Coleman";103;"VP of Innovation";"AubreyColeman@gmail.com";"123456857"
70;"Eli Perry";103;"VP of Product Research";"EliPerry@gmail.com";"123456858"
71;"Ellie Griffin";103;"VP of Advanced Technology Development";"EllieGriffin@gmail.com";"123456859"
72;"Hunter Cruz";103;"Research and Development Associate Manager";"HunterCruz@gmail.com";"123456860"
73;"Zoe Rodriguez";103;"Research and Development Manager";"ZoeRodriguez@gmail.com";"123456861"
74;"Levi King";103;"Senior Research and Development Manager";"LeviKing@gmail.com";"123456862"
75;"Chloe Bailey";103;"Director of Research and Development";"ChloeBailey@gmail.com";"123456863"
76;"Jonathan Gray";104;"Account executive";"JonathanGray@gmail.com";"123456864"
77;"Mila Hughes";104;"Regional sales manager";"MilaHughes@gmail.com";"123456865"
78;"Cameron Jenkins";104;"Sales Manager";"CameronJenkins@gmail.com";"123456866"
79;"Aubree Scott";104;"Account Manager";"AubreeScott@gmail.com";"123456867"
80;"Christian Adams";104;"sales representative";"ChristianAdams@gmail.com";"123456868"
81;"Lillian Campbell";104;"sales engineer";"LillianCampbell@gmail.com";"123456869"
82;"Julian Long";104;"Sales consultant";"JulianLong@gmail.com";"123456870"
83;"Samantha Mitchell";104;"Business development manager";"SamanthaMitchell@gmail.com";"123456871"
84;"Isaiah Cox";104;"Business Development Representative";"IsaiahCox@gmail.com";"123456872"
85;"Claire Rivera";104;"Sales operations";"ClaireRivera@gmail.com";"123456873"
86;"Adrian Murphy";104;"VP of Sales";"AdrianMurphy@gmail.com";"123456874"
87;"Aurora Ramirez";104;"inside salesperson";"AuroraRamirez@gmail.com";"123456875"
88;"Aaron Diaz";104;"Sales Coordinator";"AaronDiaz@gmail.com";"123456876"
89;"Ellie Howard";104;"Account executive";"EllieHoward@gmail.com";"123456877"
90;"Nolan Fisher";104;"Regional sales manager";"NolanFisher@gmail.com";"123456878"
91;"Genesis Reed";104;"Sales Manager";"GenesisReed@gmail.com";"123456879"
92;"Robert Ross";104;"Account Manager";"RobertRoss@gmail.com";"123456880"
93;"Kennedy Peterson";104;"sales representative";"KennedyPeterson@gmail.com";"123456881"
94;"Dominic Powell";104;"sales engineer";"DominicPowell@gmail.com";"123456882"
95;"Emery Barnes";104;"Sales consultant";"EmeryBarnes@gmail.com";"123456883"
96;"Lincoln Jenkins";104;"Business development manager";"LincolnJenkins@gmail.com";"123456884"
97;"Bella Russell";104;"Business Development Representative";"BellaRussell@gmail.com";"123456885"
98;"Landon Bryant";104;"Sales operations";"LandonBryant@gmail.com";"123456886"
99;"Evelyn Woods";104;"VP of Sales";"EvelynWoods@gmail.com";"123456887"
100;"Evan Morgan";104;"inside salesperson";"EvanMorgan@gmail.com";"123456888"
101;"Naomi Patterson";105;"";"NaomiPatterson@gmail.com";"123456889"
102;"Thomas Myers";105;"";"ThomasMyers@gmail.com";"123456890"
103;"Ariana James";105;"";"ArianaJames@gmail.com";"123456891"
104;"Carson Bell";105;"";"CarsonBell@gmail.com";"123456892"
105;"Aubree Lee";105;"";"AubreeLee@gmail.com";"123456893"
106;"Mateo Parker";105;"";"MateoParker@gmail.com";"123456894"
107;"Lily Henderson";105;"";"LilyHenderson@gmail.com";"123456895"
108;"Jaxon Washington";105;"";"JaxonWashington@gmail.com";"123456896"
109;"Serenity Hamilton";105;"";"SerenityHamilton@gmail.com";"123456897"
110;"Leo Torres";105;"";"LeoTorres@gmail.com";"123456898"
111;"Mila Butler";105;"";"MilaButler@gmail.com";"123456899"
112;"Jameson Brooks";105;"";"JamesonBrooks@gmail.com";"123456900"
113;"Everly Griffin";105;"";"EverlyGriffin@gmail.com";"123456901"
114;"Ian Cole";105;"";"IanCole@gmail.com";"123456902"
115;"Lucy Gray";105;"";"LucyGray@gmail.com";"123456903"
116;"Adam Bennett";105;"";"AdamBennett@gmail.com";"123456904"
117;"Adeline Cooper";105;"";"AdelineCooper@gmail.com";"123456905"
118;"Elias Wright";105;"";"EliasWright@gmail.com";"123456906"
119;"Madeline Ward";105;"";"MadelineWard@gmail.com";"123456907"
120;"Theodore Butler";105;"";"TheodoreButler@gmail.com";"123456908"
121;"Brielle Howard";105;"";"BrielleHoward@gmail.com";"123456909"
122;"Mason Evans";105;"";"MasonEvans@gmail.com";"123456910"
123;"Julia Turner";105;"";"JuliaTurner@gmail.com";"123456911"
124;"Parker Price";105;"";"ParkerPrice@gmail.com";"123456912"
125;"Valentina Lee";105;"";"ValentinaLee@gmail.com";"123456913"
126;"Jason Morris";106;"";"JasonMorris@gmail.com";"123456914"
127;"Sadie Bailey";106;"";"SadieBailey@gmail.com";"123456915"
128;"Ezra Reed";106;"";"EzraReed@gmail.com";"123456916"
129;"Alice Ross";106;"";"AliceRoss@gmail.com";"123456917"
130;"Weston Parker";106;"";"WestonParker@gmail.com";"123456918"
131;"Sydney Ward";106;"";"SydneyWard@gmail.com";"123456919"
132;"Luke Sanders";106;"";"LukeSanders@gmail.com";"123456920"
133;"Ariana Howard";106;"";"ArianaHoward@gmail.com";"123456921"
134;"Cole Young";106;"";"ColeYoung@gmail.com";"123456922"
135;"Ellie Thompson";106;"";"EllieThompson@gmail.com";"123456923"
136;"Bentley Rivera";106;"";"BentleyRivera@gmail.com";"123456924"
137;"Layla Diaz";106;"";"LaylaDiaz@gmail.com";"123456925"
138;"Harrison Powell";106;"";"HarrisonPowell@gmail.com";"123456926"
139;"Hailey Jenkins";106;"";"HaileyJenkins@gmail.com";"123456927"
140;"Connor Cooper";106;"";"ConnorCooper@gmail.com";"123456928"
141;"Delilah Peterson";106;"";"DelilahPeterson@gmail.com";"123456929"
142;"Zachary Flores";106;"";"ZacharyFlores@gmail.com";"123456930"
143;"Aurora Ross";106;"";"AuroraRoss@gmail.com";"123456931"
144;"Easton Howard";106;"";"EastonHoward@gmail.com";"123456932"
145;"Scarlett Butler";106;"";"ScarlettButler@gmail.com";"123456933"
146;"Jordan Jenkins";106;"";"JordanJenkins@gmail.com";"123456934"
147;"Kennedy Fisher";106;"";"KennedyFisher@gmail.com";"123456935"
148;"Tyler Bailey";106;"";"TylerBailey@gmail.com";"123456936"
149;"Natalie Morris";106;"";"NatalieMorris@gmail.com";"123456937"
150;"Hudson Reed";106;"";"HudsonReed@gmail.com";"123456938"
151;"Emilia Cook";107;"";"EmiliaCook@gmail.com";"123456939"
152;"Wyatt Mitchell";107;"";"WyattMitchell@gmail.com";"123456940"
153;"Claire Diaz";107;"";"ClaireDiaz@gmail.com";"123456941"
154;"Lincoln Hughes";107;"";"LincolnHughes@gmail.com";"123456942"
155;"Violet Price";107;"";"VioletPrice@gmail.com";"123456943"
156;"Landon Ramirez";107;"";"LandonRamirez@gmail.com";"123456944"
157;"Stella Bennett";107;"";"StellaBennett@gmail.com";"123456945"
158;"Ryan Fisher";107;"";"RyanFisher@gmail.com";"123456946"
159;"Aria Powell";107;"";"AriaPowell@gmail.com";"123456947"
160;"Carter Parker";107;"";"CarterParker@gmail.com";"123456948"
161;"Gabriella Ross";107;"";"GabriellaRoss@gmail.com";"123456949"
162;"Julian Reed";107;"";"JulianReed@gmail.com";"123456950"
163;"Leah Murphy";107;"";"LeahMurphy@gmail.com";"123456951"
164;"Xavier Cruz";107;"";"XavierCruz@gmail.com";"123456952"
165;"Sophie Thompson";107;"";"SophieThompson@gmail.com";"123456953"
166;"Hunter Bailey";107;"";"HunterBailey@gmail.com";"123456954"
167;"Addison Lee";107;"";"AddisonLee@gmail.com";"123456955"
168;"Gavin James";107;"";"GavinJames@gmail.com";"123456956"
169;"Lily Henderson";107;"";"LilyHenderson@gmail.com";"123456957"
170;"Brandon Jenkins";107;"";"BrandonJenkins@gmail.com";"123456958"
171;"Mila Flores";107;"";"MilaFlores@gmail.com";"123456959"
172;"Spencer Collins";107;"";"SpencerCollins@gmail.com";"123456960"
173;"Addison Howard";107;"";"AddisonHoward@gmail.com";"123456961"
174;"Ashton Powell";107;"";"AshtonPowell@gmail.com";"123456962"
175;"Isabelle Turner";107;"";"IsabelleTurner@gmail.com";"123456963"
176;"Nathaniel Parker";108;"";"NathanielParker@gmail.com";"123456964"
177;"Chloe Sanders";108;"";"ChloeSanders@gmail.com";"123456965"
178;"Roman King";108;"";"RomanKing@gmail.com";"123456966"
179;"Lillian Bailey";108;"";"LillianBailey@gmail.com";"123456967"
180;"Jeremiah Rivera";108;"";"JeremiahRivera@gmail.com";"123456968"
181;"Eleanor Reed";108;"";"EleanorReed@gmail.com";"123456969"
182;"Elias Collins";108;"";"EliasCollins@gmail.com";"123456970"
183;"Mila Myers";108;"";"MilaMyers@gmail.com";"123456971"
184;"Aaron Peterson";108;"";"AaronPeterson@gmail.com";"123456972"
185;"Ellie Powell";108;"";"ElliePowell@gmail.com";"123456973"
186;"Caleb Jenkins";108;"";"CalebJenkins@gmail.com";"123456974"
187;"Grace Ramirez";108;"";"GraceRamirez@gmail.com";"123456975"
188;"Micah Brooks";108;"";"MicahBrooks@gmail.com";"123456976"
189;"Zoe Coleman";108;"";"ZoeColeman@gmail.com";"123456977"
190;"Tristan Parker";108;"";"TristanParker@gmail.com";"123456978"
191;"Maya Torres";108;"";"MayaTorres@gmail.com";"123456979"
192;"Nicolas Lee";108;"";"NicolasLee@gmail.com";"123456980"
193;"Brooklyn Evans";108;"";"BrooklynEvans@gmail.com";"123456981"
194;"Cameron Jenkins";108;"";"CameronJenkins@gmail.com";"123456982"
195;"Abigail Cruz";108;"";"AbigailCruz@gmail.com";"123456983"
196;"Everett Ross";108;"";"EverettRoss@gmail.com";"123456984"
197;"Scarlett Barnes";108;"";"ScarlettBarnes@gmail.com";"123456985"
198;"Blake James";108;"";"BlakeJames@gmail.com";"123456986"
199;"Lucy Diaz";108;"";"LucyDiaz@gmail.com";"123456987"
200;"Mateo Young";108;"";"MateoYoung@gmail.com";"123456988"
201;"Penelope Morgan";109;"";"PenelopeMorgan@gmail.com";"123456989"
202;"Austin Foster";109;"";"AustinFoster@gmail.com";"123456990"
203;"Charlotte Collins";109;"";"CharlotteCollins@gmail.com";"123456991"
204;"Braxton Butler";109;"";"BraxtonButler@gmail.com";"123456992"
205;"Layla Peterson";109;"";"LaylaPeterson@gmail.com";"123456993"
206;"Giovanni Bennett";109;"";"GiovanniBennett@gmail.com";"123456994"
207;"Evelyn Parker";109;"";"EvelynParker@gmail.com";"123456995"
208;"Gavin Flores";109;"";"GavinFlores@gmail.com";"123456996"
209;"Avery Morgan";109;"";"AveryMorgan@gmail.com";"123456997"
210;"Chase Ramirez";109;"";"ChaseRamirez@gmail.com";"123456998"
211;"Leah Hughes";109;"";"LeahHughes@gmail.com";"123456999"
212;"Miles Bailey";109;"";"MilesBailey@gmail.com";"123457000"
213;"Mia Sanders";109;"";"MiaSanders@gmail.com";"123457001"
214;"Bentley Flores";109;"";"BentleyFlores@gmail.com";"123457002"
215;"Samantha Thompson";109;"";"SamanthaThompson@gmail.com";"123457003"
216;"Sawyer Russell";109;"";"SawyerRussell@gmail.com";"123457004"
217;"Anna Lee";109;"";"AnnaLee@gmail.com";"123457005"
218;"Preston Jenkins";109;"";"PrestonJenkins@gmail.com";"123457006"
219;"Lily Bennett";109;"";"LilyBennett@gmail.com";"123457007"
220;"Brandon Foster";109;"";"BrandonFoster@gmail.com";"123457008"
221;"Zoey Parker";109;"";"ZoeyParker@gmail.com";"123457009"
222;"Wesley James";109;"";"WesleyJames@gmail.com";"123457010"
223;"Eleanor Bailey";109;"";"EleanorBailey@gmail.com";"123457011"
224;"Jaxson Hughes";109;"";"JaxsonHughes@gmail.com";"123457012"
225;"Madison Cruz";109;"";"MadisonCruz@gmail.com";"123457013"
226;"Declan Coleman";110;"";"DeclanColeman@gmail.com";"123457014"
227;"Luna Jenkins";110;"";"LunaJenkins@gmail.com";"123457015"
228;"Ayden Ramirez";110;"";"AydenRamirez@gmail.com";"123457016"
229;"Grace Butler";110;"";"GraceButler@gmail.com";"123457017"
230;"Asher Lee";110;"";"AsherLee@gmail.com";"123457018"
231;"Violet Rivera";110;"";"VioletRivera@gmail.com";"123457019"
232;"Leo Parker";110;"";"LeoParker@gmail.com";"123457020"
233;"Stella James";110;"";"StellaJames@gmail.com";"123457021"
234;"Christian Bennett";110;"";"ChristianBennett@gmail.com";"123457022"
235;"Chloe Sanders";110;"";"ChloeSanders@gmail.com";"123457023"
236;"Sebastian Powell";110;"";"SebastianPowell@gmail.com";"123457024"
237;"Avery Myers";110;"";"AveryMyers@gmail.com";"123457025"
238;"Elias Hughes";110;"";"EliasHughes@gmail.com";"123457026"
239;"Zoey Coleman";110;"";"ZoeyColeman@gmail.com";"123457027"
240;"Carter Jenkins";110;"";"CarterJenkins@gmail.com";"123457028"
241;"Hannah Flores";110;"";"HannahFlores@gmail.com";"123457029"
242;"Maxwell Reed";110;"";"MaxwellReed@gmail.com";"123457030"
243;"Lucy Barnes";110;"";"LucyBarnes@gmail.com";"123457031"
244;"Vincent Diaz";110;"";"VincentDiaz@gmail.com";"123457032"
245;"Ellie Fisher";110;"";"EllieFisher@gmail.com";"123457033"
246;"Julian Murphy";110;"";"JulianMurphy@gmail.com";"123457034"
247;"Addison Butler";110;"";"AddisonButler@gmail.com";"123457035"
248;"Ashton Parker";110;"";"AshtonParker@gmail.com";"123457036"
249;"Zoey Howard";110;"";"ZoeyHoward@gmail.com";"123457037"
250;"Nolan Thompson";110;"";"NolanThompson@gmail.com";"123457038"
251;"Grace Lee";111;"";"GraceLee@gmail.com";"123457039"
252;"Grant Rivera";111;"";"GrantRivera@gmail.com";"123457040"
253;"Scarlett Myers";111;"";"ScarlettMyers@gmail.com";"123457041"
254;"Christian Jenkins";111;"";"ChristianJenkins@gmail.com";"123457042"
255;"Layla Butler";111;"";"LaylaButler@gmail.com";"123457043"
256;"Jayden Lee";111;"";"JaydenLee@gmail.com";"123457044"
257;"Leah Parker";111;"";"LeahParker@gmail.com";"123457045"
258;"Harrison Myers";111;"";"HarrisonMyers@gmail.com";"123457046"
259;"Ellie Ramirez";111;"";"EllieRamirez@gmail.com";"123457047"
260;"Levi Thompson";111;"";"LeviThompson@gmail.com";"123457048"
261;"Lily James";111;"";"LilyJames@gmail.com";"123457049"
262;"Landon Parker";111;"";"LandonParker@gmail.com";"123457050"
263;"Madison Lee";111;"";"MadisonLee@gmail.com";"123457051"
264;"Ian Brooks";111;"";"IanBrooks@gmail.com";"123457052"
265;"Brielle Jenkins";111;"";"BrielleJenkins@gmail.com";"123457053"
266;"Hudson Bailey";111;"";"HudsonBailey@gmail.com";"123457054"
267;"Addison Parker";111;"";"AddisonParker@gmail.com";"123457055"
268;"Lincoln Rivera";111;"";"LincolnRivera@gmail.com";"123457056"
269;"Ellie Thompson";111;"";"EllieThompson@gmail.com";"123457057"
270;"Oliver Howard";111;"";"OliverHoward@gmail.com";"123457058"
271;"Aria Lee";111;"";"AriaLee@gmail.com";"123457059"
272;"Ethan Cruz";111;"";"EthanCruz@gmail.com";"123457060"
273;"Lily Butler";111;"";"LilyButler@gmail.com";"123457061"
274;"Mason Parker";111;"";"MasonParker@gmail.com";"123457062"
275;"Ellie Rivera";111;"";"EllieRivera@gmail.com";"123457063"
276;"Jack Jenkins";112;"";"JackJenkins@gmail.com";"123457064"
277;"Layla Fisher";112;"";"LaylaFisher@gmail.com";"123457065"
278;"Owen Flores";112;"";"OwenFlores@gmail.com";"123457066"
279;"Zoey Thompson";112;"";"ZoeyThompson@gmail.com";"123457067"
280;"Aiden Butler";112;"";"AidenButler@gmail.com";"123457068"
281;"Scarlett Reed";112;"";"ScarlettReed@gmail.com";"123457069"
282;"Jaxon James";112;"";"JaxonJames@gmail.com";"123457070"
283;"Ellie Barnes";112;"";"EllieBarnes@gmail.com";"123457071"
284;"Wyatt Flores";112;"";"WyattFlores@gmail.com";"123457072"
285;"Addison Parker";112;"";"AddisonParker@gmail.com";"123457073"
286;"Logan Thompson";112;"";"LoganThompson@gmail.com";"123457074"
287;"Zoe Howard";112;"";"ZoeHoward@gmail.com";"123457075"
288;"Hunter Brooks";112;"";"HunterBrooks@gmail.com";"123457076"
289;"Grace Jenkins";112;"";"GraceJenkins@gmail.com";"123457077"
290;"Caleb Fisher";112;"";"CalebFisher@gmail.com";"123457078"
291;"Aubrey Lee";112;"";"AubreyLee@gmail.com";"123457079"
292;"Levi Rivera";112;"";"LeviRivera@gmail.com";"123457080"
293;"Claire Thompson";112;"";"ClaireThompson@gmail.com";"123457081"
294;"Carter Brooks";112;"";"CarterBrooks@gmail.com";"123457082"
295;"Ellie Jenkins";112;"";"EllieJenkins@gmail.com";"123457083"
296;"Blake Flores";112;"";"BlakeFlores@gmail.com";"123457084"
297;"Grace Bailey";112;"";"GraceBailey@gmail.com";"123457085"
298;"Lucas Parker";112;"";"LucasParker@gmail.com";"123457086"
299;"Violet Hughes";112;"";"VioletHughes@gmail.com";"123457087"
300;"Parker Myers";112;"";"ParkerMyers@gmail.com";"123457088"
301;"Zoey Coleman";113;"";"ZoeyColeman@gmail.com";"123457089"
302;"Logan Rivera";113;"";"LoganRivera@gmail.com";"123457090"
303;"Madison Lee";113;"";"MadisonLee@gmail.com";"123457091"
304;"Hunter Parker";113;"";"HunterParker@gmail.com";"123457092"
305;"Ellie Howard";113;"";"EllieHoward@gmail.com";"123457093"
306;"Austin Thompson";113;"";"AustinThompson@gmail.com";"123457094"
307;"Zoe James";113;"";"ZoeJames@gmail.com";"123457095"
308;"Aiden Jenkins";113;"";"AidenJenkins@gmail.com";"123457096"
309;"Layla Fisher";113;"";"LaylaFisher@gmail.com";"123457097"
310;"Asher Brooks";113;"";"AsherBrooks@gmail.com";"123457098"
311;"Grace Rivera";113;"";"GraceRivera@gmail.com";"123457099"
312;"Weston Howard";113;"";"WestonHoward@gmail.com";"123457100"
313;"Lily Myers";113;"";"LilyMyers@gmail.com";"123457101"
314;"Lucas Bailey";113;"";"LucasBailey@gmail.com";"123457102"
315;"Ellie Parker";113;"";"EllieParker@gmail.com";"123457103"
316;"Cameron Lee";113;"";"CameronLee@gmail.com";"123457104"
317;"Grace Thompson";113;"";"GraceThompson@gmail.com";"123457105"
318;"Brayden Fisher";113;"";"BraydenFisher@gmail.com";"123457106"
319;"Scarlett Jenkins";113;"";"ScarlettJenkins@gmail.com";"123457107"
320;"Jackson Rivera";113;"";"JacksonRivera@gmail.com";"123457108"
321;"Madison Parker";113;"";"MadisonParker@gmail.com";"123457109"
322;"Ethan Lee";113;"";"EthanLee@gmail.com";"123457110"
323;"Lily Flores";113;"";"LilyFlores@gmail.com";"123457111"
324;"Cole Howard";113;"";"ColeHoward@gmail.com";"123457112"
325;"Grace Brooks";113;"";"GraceBrooks@gmail.com";"123457113"
326;"Carter Jenkins";114;"";"CarterJenkins@gmail.com";"123457114"
327;"Ellie Thompson";114;"";"EllieThompson@gmail.com";"123457115"
328;"Blake Rivera";114;"";"BlakeRivera@gmail.com";"123457116"
329;"Aria Parker";114;"";"AriaParker@gmail.com";"123457117"
330;"Logan James";114;"";"LoganJames@gmail.com";"123457118"
331;"Ellie Lee";114;"";"EllieLee@gmail.com";"123457119"
332;"Julian Myers";114;"";"JulianMyers@gmail.com";"123457120"
333;"Grace Fisher";114;"";"GraceFisher@gmail.com";"123457121"
334;"Ethan Parker";114;"";"EthanParker@gmail.com";"123457122"
335;"Lily Hughes";114;"";"LilyHughes@gmail.com";"123457123"
336;"Gavin Jenkins";114;"";"GavinJenkins@gmail.com";"123457124"
337;"Madison Butler";114;"";"MadisonButler@gmail.com";"123457125"
338;"Owen Parker";114;"";"OwenParker@gmail.com";"123457126"
339;"Ellie Brooks";114;"";"EllieBrooks@gmail.com";"123457127"
340;"Austin Rivera";114;"";"AustinRivera@gmail.com";"123457128"
341;"Scarlett Howard";114;"";"ScarlettHoward@gmail.com";"123457129"
342;"Asher James";114;"";"AsherJames@gmail.com";"123457130"
343;"Lily Fisher";114;"";"LilyFisher@gmail.com";"123457131"
344;"Wyatt Parker";114;"";"WyattParker@gmail.com";"123457132"
345;"Ellie Thompson";114;"";"EllieThompson@gmail.com";"123457133"
346;"Blake Myers";114;"";"BlakeMyers@gmail.com";"123457134"
347;"Grace Rivera";114;"";"GraceRivera@gmail.com";"123457135"
348;"Carter Jenkins";114;"";"CarterJenkins@gmail.com";"123457136"
349;"Violet Butler";114;"";"VioletButler@gmail.com";"123457137"
350;"Harrison Parker";114;"";"HarrisonParker@gmail.com";"123457138"
351;"Lily Hughes";115;"";"LilyHughes@gmail.com";"123457139"
352;"Nolan Howard";115;"";"NolanHoward@gmail.com";"123457140"
353;"Ellie Fisher";115;"";"EllieFisher@gmail.com";"123457141"
354;"Brayden Parker";115;"";"BraydenParker@gmail.com";"123457142"
355;"Grace Jenkins";115;"";"GraceJenkins@gmail.com";"123457143"
356;"Julian Lee";115;"";"JulianLee@gmail.com";"123457144"
357;"Layla Rivera";115;"";"LaylaRivera@gmail.com";"123457145"
358;"Logan Parker";115;"";"LoganParker@gmail.com";"123457146"
359;"Ellie Thompson";115;"";"EllieThompson@gmail.com";"123457147"
360;"Blake Fisher";115;"";"BlakeFisher@gmail.com";"123457148"
361;"Grace Bailey";115;"";"GraceBailey@gmail.com";"123457149"
362;"Asher Jenkins";115;"";"AsherJenkins@gmail.com";"123457150"
363;"Scarlett Myers";115;"";"ScarlettMyers@gmail.com";"123457151"
364;"Ethan Parker";115;"";"EthanParker@gmail.com";"123457152"
365;"Lily Lee";115;"";"LilyLee@gmail.com";"123457153"
366;"Mason Rivera";115;"";"MasonRivera@gmail.com";"123457154"
367;"Grace Howard";115;"";"GraceHoward@gmail.com";"123457155"
368;"Logan Thompson";115;"";"LoganThompson@gmail.com";"123457156"
369;"Ellie Fisher";115;"";"EllieFisher@gmail.com";"123457157"
370;"Wyatt Parker";115;"";"WyattParker@gmail.com";"123457158"
371;"Grace Brooks";115;"";"GraceBrooks@gmail.com";"123457159"
372;"Carter Jenkins";115;"";"CarterJenkins@gmail.com";"123457160"
373;"Lily Hughes";115;"";"LilyHughes@gmail.com";"123457161"
374;"Blake Rivera";115;"";"BlakeRivera@gmail.com";"123457162"
375;"Ellie Howard";115;"";"EllieHoward@gmail.com";"123457163"
376;"Logan Parker";116;"";"LoganParker@gmail.com";"123457164"
377;"Grace Jenkins";116;"";"GraceJenkins@gmail.com";"123457165"
378;"Austin Lee";116;"";"AustinLee@gmail.com";"123457166"
379;"Ellie Thompson";116;"";"EllieThompson@gmail.com";"123457167"
380;"Ethan Myers";116;"";"EthanMyers@gmail.com";"123457168"
381;"Grace Fisher";116;"";"GraceFisher@gmail.com";"123457169"
382;"Wyatt Parker";116;"";"WyattParker@gmail.com";"123457170"
383;"Lily Bailey";116;"";"LilyBailey@gmail.com";"123457171"
384;"Aria Rivera";116;"";"AriaRivera@gmail.com";"123457172"
385;"Ellie Howard";116;"";"EllieHoward@gmail.com";"123457173"
386;"Logan James";116;"";"LoganJames@gmail.com";"123457174"
387;"Grace Brooks";116;"";"GraceBrooks@gmail.com";"123457175"
388;"Mason Jenkins";116;"";"MasonJenkins@gmail.com";"123457176"
389;"Ellie Thompson";116;"";"EllieThompson@gmail.com";"123457177"
390;"Blake Myers";116;"";"BlakeMyers@gmail.com";"123457178"
391;"Lily Parker";116;"";"LilyParker@gmail.com";"123457179"
392;"Carter Fisher";116;"";"CarterFisher@gmail.com";"123457180"
393;"Grace Jenkins";116;"";"GraceJenkins@gmail.com";"123457181"
394;"Logan Lee";116;"";"LoganLee@gmail.com";"123457182"
395;"Ellie Rivera";116;"";"EllieRivera@gmail.com";"123457183"
396;"Austin Parker";116;"";"AustinParker@gmail.com";"123457184"
397;"Grace Howard";116;"";"GraceHoward@gmail.com";"123457185"
398;"Wyatt Thompson";116;"";"WyattThompson@gmail.com";"123457186"
399;"Lily Fisher";116;"";"LilyFisher@gmail.com";"123457187"
400;"Asher Jenkins";116;"";"AsherJenkins@gmail.com";"123457188"
401;"Ellie Brooks";117;"";"EllieBrooks@gmail.com";"123457189"
402;"Logan Parker";117;"";"LoganParker@gmail.com";"123457190"
403;"Grace Hughes";117;"";"GraceHughes@gmail.com";"123457191"
404;"Mason Rivera";117;"";"MasonRivera@gmail.com";"123457192"
405;"Ellie Howard";117;"";"EllieHoward@gmail.com";"123457193"
406;"Carter Lee";117;"";"CarterLee@gmail.com";"123457194"
407;"Grace Jenkins";117;"";"GraceJenkins@gmail.com";"123457195"
408;"Blake Thompson";117;"";"BlakeThompson@gmail.com";"123457196"
409;"Ellie Fisher";117;"";"EllieFisher@gmail.com";"123457197"
410;"Wyatt Parker";117;"";"WyattParker@gmail.com";"123457198"
411;"Lily Bailey";117;"";"LilyBailey@gmail.com";"123457199"
412;"Grace Jenkins";117;"";"GraceJenkins@gmail.com";"123457200"
413;"Logan Rivera";117;"";"LoganRivera@gmail.com";"123457201"
414;"Ellie Howard";117;"";"EllieHoward@gmail.com";"123457202"
415;"Mason James";117;"";"MasonJames@gmail.com";"123457203"
416;"Grace Brooks";117;"";"GraceBrooks@gmail.com";"123457204"
417;"Carter Parker";117;"";"CarterParker@gmail.com";"123457205"
418;"Ellie Thompson";117;"";"EllieThompson@gmail.com";"123457206"
419;"Asher Jenkins";117;"";"AsherJenkins@gmail.com";"123457207"
420;"Lily Myers";117;"";"LilyMyers@gmail.com";"123457208"
421;"Wyatt Parker";117;"";"WyattParker@gmail.com";"123457209"
422;"Grace Fisher";117;"";"GraceFisher@gmail.com";"123457210"
423;"Logan Howard";117;"";"LoganHoward@gmail.com";"123457211"
424;"Ellie Rivera";117;"";"EllieRivera@gmail.com";"123457212"
425;"Blake Parker";117;"";"BlakeParker@gmail.com";"123457213"
426;"Lily Jenkins";118;"";"LilyJenkins@gmail.com";"123457214"
427;"Carter Brooks";118;"";"CarterBrooks@gmail.com";"123457215"
428;"Grace Hughes";118;"";"GraceHughes@gmail.com";"123457216"
429;"Mason Thompson";118;"";"MasonThompson@gmail.com";"123457217"
430;"Ellie Fisher";118;"";"EllieFisher@gmail.com";"123457218"
431;"Wyatt Parker";118;"";"WyattParker@gmail.com";"123457219"
432;"Grace Jenkins";118;"";"GraceJenkins@gmail.com";"123457220"
433;"Logan Rivera";118;"";"LoganRivera@gmail.com";"123457221"
434;"Ellie Howard";118;"";"EllieHoward@gmail.com";"123457222"
435;"Austin Lee";118;"";"AustinLee@gmail.com";"123457223"
436;"Grace Brooks";118;"";"GraceBrooks@gmail.com";"123457224"
437;"Carter Jenkins";118;"";"CarterJenkins@gmail.com";"123457225"
438;"Lily Myers";118;"";"LilyMyers@gmail.com";"123457226"
439;"Ellie Fisher";118;"";"EllieFisher@gmail.com";"123457227"
440;"Blake Parker";118;"";"BlakeParker@gmail.com";"123457228"
441;"Grace Hughes";118;"";"GraceHughes@gmail.com";"123457229"
442;"Mason Rivera";118;"";"MasonRivera@gmail.com";"123457230"
443;"Ellie Howard";118;"";"EllieHoward@gmail.com";"123457231"
444;"Logan Parker";118;"";"LoganParker@gmail.com";"123457232"
445;"Grace Thompson";118;"";"GraceThompson@gmail.com";"123457233"
446;"Carter Lee";118;"";"CarterLee@gmail.com";"123457234"
447;"Ellie Fisher";118;"";"EllieFisher@gmail.com";"123457235"
448;"Asher Brooks";118;"";"AsherBrooks@gmail.com";"123457236"
449;"Grace Jenkins";118;"";"GraceJenkins@gmail.com";"123457237"
450;"Wyatt Parker";118;"";"WyattParker@gmail.com";"123457238"
451;"Lily Hughes";119;"";"LilyHughes@gmail.com";"123457239"
452;"Blake Rivera";119;"";"BlakeRivera@gmail.com";"123457240"
453;"Ellie Howard";119;"";"EllieHoward@gmail.com";"123457241"
454;"Logan James";119;"";"LoganJames@gmail.com";"123457242"
455;"Grace Jenkins";119;"";"GraceJenkins@gmail.com";"123457243"
456;"Mason Thompson";119;"";"MasonThompson@gmail.com";"123457244"
457;"Ellie Fisher";119;"";"EllieFisher@gmail.com";"123457245"
458;"Carter Parker";119;"";"CarterParker@gmail.com";"123457246"
459;"Grace Brooks";119;"";"GraceBrooks@gmail.com";"123457247"
460;"Wyatt Jenkins";119;"";"WyattJenkins@gmail.com";"123457248"
461;"Lily Myers";119;"";"LilyMyers@gmail.com";"123457249"
462;"Logan Howard";119;"";"LoganHoward@gmail.com";"123457250"
463;"Ellie Rivera";119;"";"EllieRivera@gmail.com";"123457251"
464;"Asher Parker";119;"";"AsherParker@gmail.com";"123457252"
465;"Grace Hughes";119;"";"GraceHughes@gmail.com";"123457253"
466;"Blake Fisher";119;"";"BlakeFisher@gmail.com";"123457254"
467;"Ellie Thompson";119;"";"EllieThompson@gmail.com";"123457255"
468;"Mason Parker";119;"";"MasonParker@gmail.com";"123457256"
469;"Grace Brooks";119;"";"GraceBrooks@gmail.com";"123457257"
470;"Carter Jenkins";119;"";"CarterJenkins@gmail.com";"123457258"
471;"Ellie Howard";119;"";"EllieHoward@gmail.com";"123457259"
472;"Logan Parker";119;"";"LoganParker@gmail.com";"123457260"
473;"Lily Rivera";119;"";"LilyRivera@gmail.com";"123457261"
474;"Wyatt Fisher";119;"";"WyattFisher@gmail.com";"123457262"
475;"Ellie Thompson";119;"";"EllieThompson@gmail.com";"123457263"
476;"Mason Parker";120;"";"MasonParker@gmail.com";"123457264"
477;"Grace Jenkins";120;"";"GraceJenkins@gmail.com";"123457265"
478;"Carter Lee";120;"";"CarterLee@gmail.com";"123457266"
479;"Ellie Howard";120;"";"EllieHoward@gmail.com";"123457267"
480;"Blake Parker";120;"";"BlakeParker@gmail.com";"123457268"
481;"Grace Hughes";120;"";"GraceHughes@gmail.com";"123457269"
482;"Ellie Fisher";120;"";"EllieFisher@gmail.com";"123457270"
483;"Logan Rivera";120;"";"LoganRivera@gmail.com";"123457271"
484;"Mason Jenkins";120;"";"MasonJenkins@gmail.com";"123457272"
485;"Grace Brooks";120;"";"GraceBrooks@gmail.com";"123457273"
486;"Wyatt Parker";120;"";"WyattParker@gmail.com";"123457274"
487;"Ellie Thompson";120;"";"EllieThompson@gmail.com";"123457275"
488;"Carter Howard";120;"";"CarterHoward@gmail.com";"123457276"
489;"Grace Hughes";120;"";"GraceHughes@gmail.com";"123457277"
490;"Blake Fisher";120;"";"BlakeFisher@gmail.com";"123457278"
491;"Ellie Parker";120;"";"EllieParker@gmail.com";"123457279"
492;"Asher Jenkins";120;"";"AsherJenkins@gmail.com";"123457280"
493;"Grace Brooks";120;"";"GraceBrooks@gmail.com";"123457281"
494;"Logan Thompson";120;"";"LoganThompson@gmail.com";"123457282"
495;"Ellie Rivera";120;"";"EllieRivera@gmail.com";"123457283"
496;"Mason Parker";120;"";"MasonParker@gmail.com";"123457284"
497;"Grace Hughes";120;"";"GraceHughes@gmail.com";"123457285"
498;"Ellie Howard";120;"";"EllieHoward@gmail.com";"123457286"
499;"Wyatt Parker";120;"";"WyattParker@gmail.com";"123457287"
500;"Grace Fisher";120;"";"GraceFisher@gmail.com";"123457288"
